timestamp,filename,event
2026-05-11T09:30:40.783Z,PC TRACKER,change
2026-05-11T09:20:48.822Z,pc-tracker-report-2026-05-11.csv,change
2026-05-11T09:20:47.933Z,Resume,change
2026-05-11T09:20:47.913Z,Smart Beans.pptx,change
2026-05-11T09:20:47.892Z,Smart Beans (1).pptx,change
2026-05-11T09:20:47.873Z,leaf disease report.docx,change
2026-05-11T09:20:47.852Z,leaf disease report (1).docx,change
2026-05-11T09:20:47.830Z,leaf disease report (2).docx,change
2026-05-11T09:20:47.796Z,final.docx,change
2026-05-11T09:20:47.778Z,pdf,change
2026-05-11T09:20:47.736Z,From-Idea-to-Reality-Mastering-PRD-and-TRD-Development.pptx,change
2026-05-11T09:20:36.877Z,pc-tracker-report-2026-05-11.csv,change
2026-05-11T09:20:36.848Z,pc-tracker-report-2026-05-11.csv,rename
2026-05-11T09:20:36.847Z,pc-tracker-report-2026-05-11 (2).csv,rename
2026-05-11T09:20:36.845Z,pc-tracker-report-2026-05-11.csv,rename
2026-05-11T09:20:36.395Z,pc-tracker-report-2026-05-11 (2).csv,rename
2026-05-11T09:20:36.250Z,pc-tracker-report-2026-05-11.csv,change
2026-05-11T09:18:20.746Z,desktop.ini,change
2026-05-11T09:16:19.558Z,PC TRACKER,change
2026-05-11T09:08:29.747Z,From-Vision-to-Reality.pptx,change
2026-05-11T09:08:29.744Z,From-Vision-to-Reality.pptx,change
2026-05-11T09:08:27.694Z,From-Vision-to-Reality.pptx,rename
2026-05-11T09:00:55.200Z,~$PRD_TRD_Presentation_AzanthS (1).pptx,rename
2026-05-11T09:00:40.866Z,PRD_TRD_Presentation_AzanthS (1).pptx,change
2026-05-11T09:00:39.352Z,~$PRD_TRD_Presentation_AzanthS (1).pptx,change
2026-05-11T09:00:39.337Z,~$PRD_TRD_Presentation_AzanthS (1).pptx,change
2026-05-11T09:00:39.320Z,~$PRD_TRD_Presentation_AzanthS (1).pptx,change
2026-05-11T09:00:39.318Z,~$PRD_TRD_Presentation_AzanthS (1).pptx,rename
2026-05-11T09:00:35.901Z,PRD_TRD_Presentation_AzanthS (1).pptx,change
2026-05-11T09:00:35.900Z,PRD_TRD_Presentation_AzanthS (1).pptx,change
2026-05-11T09:00:35.363Z,PRD_TRD_Presentation_AzanthS (1).pptx,rename
2026-05-11T09:00:35.045Z,PRD_TRD_Presentation_AzanthS.pptx,change
2026-05-11T09:00:35.044Z,PRD_TRD_Presentation_AzanthS.pptx,change
2026-05-11T09:00:34.096Z,PRD_TRD_Presentation_AzanthS.pptx,rename
2026-05-11T08:17:29.563Z,desktop.ini,change
2026-05-11T08:16:17.692Z,PC TRACKER,change
2026-05-11T08:13:19.948Z,Antigravity.exe,change
2026-05-11T07:33:47.694Z,presentation report.ppt,rename
2026-05-11T07:33:47.693Z,presentation report.ppt,rename
2026-05-11T07:33:27.593Z,PPT_Beans_Leaf1 (3).ppt,change
2026-05-11T07:33:27.580Z,PPT_Beans_Leaf1 (3).ppt,change
2026-05-11T07:33:27.565Z,PPT_Beans_Leaf1 (3).ppt,rename
2026-05-11T07:33:27.563Z,PPT_Beans_Leaf1 (3).ppt,rename
2026-05-11T07:27:09.998Z,~$PPT_Beans_Leaf1 (3).ppt,rename
2026-05-11T07:27:09.355Z,PPT_Beans_Leaf1 (3).ppt,change
2026-05-11T07:27:09.339Z,PPT_Beans_Leaf1 (3).ppt,change
2026-05-11T07:27:09.319Z,PPT_Beans_Leaf1 (3).ppt,change
2026-05-11T07:27:09.316Z,PPT_Beans_Leaf1 (3).ppt,change
2026-05-11T07:26:55.186Z,PPT_Beans_Leaf1 (3).ppt,change
2026-05-11T07:26:54.244Z,PPT_Beans_Leaf1 (3).ppt,change