timestamp,filename,url
2026-05-11T09:25:03.230Z,screenshot_1778491502948.png,http://localhost:4000/api/screenshot/screenshot_1778491502948.png
2026-05-11T09:17:29.322Z,screenshot_1778491048981.png,http://localhost:4000/api/screenshot/screenshot_1778491048981.png
2026-05-11T09:07:29.361Z,screenshot_1778490448971.png,http://localhost:4000/api/screenshot/screenshot_1778490448971.png
2026-05-11T08:57:29.994Z,screenshot_1778489848967.png,http://localhost:4000/api/screenshot/screenshot_1778489848967.png
2026-05-11T08:47:29.316Z,screenshot_1778489248953.png,http://localhost:4000/api/screenshot/screenshot_1778489248953.png
2026-05-11T08:37:29.284Z,screenshot_1778488648944.png,http://localhost:4000/api/screenshot/screenshot_1778488648944.png
2026-05-11T08:27:29.418Z,screenshot_1778488048937.png,http://localhost:4000/api/screenshot/screenshot_1778488048937.png
2026-05-11T08:17:29.690Z,screenshot_1778487448936.png,http://localhost:4000/api/screenshot/screenshot_1778487448936.png
2026-05-11T08:07:29.555Z,screenshot_1778486848920.png,http://localhost:4000/api/screenshot/screenshot_1778486848920.png
2026-05-11T07:57:29.755Z,screenshot_1778486248916.png,http://localhost:4000/api/screenshot/screenshot_1778486248916.png
2026-05-11T07:47:30.076Z,screenshot_1778485648907.png,http://localhost:4000/api/screenshot/screenshot_1778485648907.png
2026-05-11T07:37:31.564Z,screenshot_1778485048904.png,http://localhost:4000/api/screenshot/screenshot_1778485048904.png
2026-05-11T07:27:29.224Z,screenshot_1778484448895.png,http://localhost:4000/api/screenshot/screenshot_1778484448895.png
2026-05-11T07:17:29.582Z,screenshot_1778483848883.png,http://localhost:4000/api/screenshot/screenshot_1778483848883.png
2026-05-11T07:07:29.184Z,screenshot_1778483248876.png,http://localhost:4000/api/screenshot/screenshot_1778483248876.png
2026-05-11T06:57:34.518Z,screenshot_1778482653928.png,http://localhost:4000/api/screenshot/screenshot_1778482653928.png
2026-05-11T06:47:11.919Z,screenshot_1778482031685.png,http://localhost:4000/api/screenshot/screenshot_1778482031685.png
2026-05-11T06:43:27.078Z,screenshot_1778481806473.png,http://localhost:4000/api/screenshot/screenshot_1778481806473.png
2026-05-11T06:33:26.713Z,screenshot_1778481206473.png,http://localhost:4000/api/screenshot/screenshot_1778481206473.png
2026-05-11T06:23:26.739Z,screenshot_1778480606472.png,http://localhost:4000/api/screenshot/screenshot_1778480606472.png