timestamp,app,title
2026-05-11T07:03:24.827Z,PowerShell,product design - YouTube and 5 more pages - Personal - Microsoft? Edge
2026-05-11T07:03:26.883Z,PowerShell,pc tracker - Cloud Firestore - Firebase console and 4 more pages - Personal - Microsoft? Edge
2026-05-11T07:03:30.954Z,PowerShell,PC TRACKER - Antigravity - Review Changes
2026-05-11T07:03:36.047Z,PowerShell,
2026-05-11T07:03:37.057Z,PowerShell,pc tracker - Cloud Firestore - Firebase console and 4 more pages - Personal - Microsoft? Edge
2026-05-11T07:03:38.073Z,PowerShell,New tab and 5 more pages - Personal - Microsoft? Edge
2026-05-11T07:03:40.118Z,PowerShell,Untitled and 6 more pages - Personal - Microsoft? Edge
2026-05-11T07:03:41.137Z,PowerShell,YouTube and 6 more pages - Personal - Microsoft? Edge
2026-05-11T07:03:42.167Z,PowerShell,YouTube and 5 more pages - Personal - Microsoft? Edge
2026-05-11T07:04:05.672Z,PowerShell,??LIVE : CM Vijay | TN Assembly Live | ??????????? MLA????? - ????????? ???????????? ?????????? - YouTube and 5 more pages - Personal - Microsoft? Edge
2026-05-11T07:05:06.905Z,PowerShell,pc tracker - Cloud Firestore - Firebase console and 4 more pages - Personal - Microsoft? Edge
2026-05-11T07:05:08.942Z,PowerShell,EXE File System Monitoring and 4 more pages - Personal - Microsoft? Edge
2026-05-11T07:05:12.010Z,PowerShell,PC TRACKER - Antigravity - Review Changes
2026-05-11T07:05:47.697Z,PowerShell,EXE File System Monitoring and 4 more pages - Personal - Microsoft? Edge
2026-05-11T07:05:48.709Z,PowerShell,pc tracker - Cloud Firestore - Firebase console and 4 more pages - Personal - Microsoft? Edge
2026-05-11T07:05:49.731Z,PowerShell,(8) WhatsApp and 4 more pages - Personal - Microsoft? Edge
2026-05-11T07:06:09.160Z,PowerShell,(7) WhatsApp and 4 more pages - Personal - Microsoft? Edge
2026-05-11T07:07:05.410Z,PowerShell,Blog - Zdoda Insights and 4 more pages - Personal - Microsoft? Edge
2026-05-11T07:07:06.436Z,PowerShell,EXE File System Monitoring and 4 more pages - Personal - Microsoft? Edge
2026-05-11T07:07:08.483Z,PowerShell,(7) WhatsApp and 4 more pages - Personal - Microsoft? Edge
2026-05-11T07:17:02.231Z,PowerShell,Blog - Zdoda Insights and 4 more pages - Personal - Microsoft? Edge
2026-05-11T07:17:03.241Z,PowerShell,pc tracker - Cloud Firestore - Firebase console and 4 more pages - Personal - Microsoft? Edge
2026-05-11T07:17:04.250Z,PowerShell,"Inbox (4,519) - sazanth75@gmail.com - Gmail and 4 more pages - Personal - Microsoft? Edge"
2026-05-11T07:17:07.311Z,PowerShell,EXE File System Monitoring and 4 more pages - Personal - Microsoft? Edge
2026-05-11T07:17:47.144Z,PowerShell,New tab and 5 more pages - Personal - Microsoft? Edge
2026-05-11T07:17:50.212Z,PowerShell,YouTube and 5 more pages - Personal - Microsoft? Edge
2026-05-11T07:17:52.262Z,PowerShell,New tab and 6 more pages - Personal - Microsoft? Edge
2026-05-11T07:17:55.344Z,PowerShell,PRD - Search and 6 more pages - Personal - Microsoft? Edge
2026-05-11T07:18:04.516Z,PowerShell,Product Requirements Document(PRD) and its Benefit - GeeksforGeeks and 7 more pages - Personal - Microsoft? Edge
2026-05-11T09:24:58.988Z,PowerShell,PC TRACKER - Antigravity - Review Changes
2026-05-11T09:26:54.357Z,PowerShell,PC Tracker - Smart System Activity Monitor
2026-05-11T09:26:59.469Z,PowerShell,pc tracker - Cloud Firestore - Firebase console and 4 more pages - Personal - Microsoft? Edge
2026-05-11T09:27:00.493Z,PowerShell,PC Tracker - Smart System Activity Monitor
2026-05-11T09:27:01.516Z,PowerShell,pc tracker - Cloud Firestore - Firebase console and 4 more pages - Personal - Microsoft? Edge
2026-05-11T09:27:02.537Z,PowerShell,"Inbox (4,520) - sazanth75@gmail.com - Gmail and 4 more pages - Personal - Microsoft? Edge"
2026-05-11T09:27:04.590Z,PowerShell,(6) WhatsApp and 4 more pages - Personal - Microsoft? Edge
2026-05-11T09:27:06.638Z,PowerShell,pc tracker - Cloud Firestore - Firebase console and 4 more pages - Personal - Microsoft? Edge
2026-05-11T09:27:07.655Z,PowerShell,
2026-05-11T09:27:08.682Z,PowerShell,PC Tracker - Smart System Activity Monitor
2026-05-11T09:27:59.932Z,PowerShell,pc tracker - Cloud Firestore - Firebase console and 4 more pages - Personal - Microsoft? Edge
2026-05-11T09:28:01.977Z,PowerShell,(6) WhatsApp and 4 more pages - Personal - Microsoft? Edge
2026-05-11T09:28:03.004Z,PowerShell,pc tracker - Cloud Firestore - Firebase console and 4 more pages - Personal - Microsoft? Edge
2026-05-11T09:28:05.043Z,PowerShell,
2026-05-11T09:28:06.069Z,PowerShell,Google Chrome
2026-05-11T09:28:07.091Z,PowerShell,
2026-05-11T09:28:08.124Z,PowerShell,pc tracker - Cloud Firestore - Firebase console and 4 more pages - Personal - Microsoft? Edge
2026-05-11T09:28:11.186Z,PowerShell,PRD TRD PPT Creation and 4 more pages - Personal - Microsoft? Edge
2026-05-11T09:28:19.367Z,PowerShell,pc tracker - Cloud Firestore - Firebase console and 4 more pages - Personal - Microsoft? Edge
2026-05-11T09:28:22.424Z,PowerShell,PC Tracker - Smart System Activity Monitor
2026-05-11T09:28:25.500Z,PowerShell,PC TRACKER - Antigravity - Review Changes